  Revised: Thursday, February 27, 2025
          Revision: 







Design Name:  C:\USERS\JUANC\ONEDRIVE\DOCUMENTOS\PROYECTODESIG\PROYECTFINAL1.DSN

Export Placement         February 27,2025      22:08:16,Page1

Item,Reference,Part,SchematicName,Sheet,Library,X,Y
____________________________________________________________________________

1,M2,M2SK3355/NEC,SCHEMATIC1/PAGE1,1,C:\CADENCE\CADENCE\CADENCE_SPB_17.2-2016\TOOLS\CAPTURE\LIBRARY\PSPICE\NEC_MOS.OLB, 2.20, 2.20
2,R1,10m,SCHEMATIC1/PAGE1,1,C:\CADENCE\CADENCE\CADENCE_SPB_17.2-2016\TOOLS\CAPTURE\LIBRARY\PSPICE\ANALOG.OLB, 2.20, 1.30
3,R2,10,SCHEMATIC1/PAGE1,1,C:\CADENCE\CADENCE\CADENCE_SPB_17.2-2016\TOOLS\CAPTURE\LIBRARY\PSPICE\ANALOG.OLB, 3.00, 1.30
4,R3,390,SCHEMATIC1/PAGE1,1,C:\CADENCE\CADENCE\CADENCE_SPB_17.2-2016\TOOLS\CAPTURE\LIBRARY\PSPICE\ANALOG.OLB, 6.30, 0.60
5,R4,22K,SCHEMATIC1/PAGE1,1,C:\CADENCE\CADENCE\CADENCE_SPB_17.2-2016\TOOLS\CAPTURE\LIBRARY\PSPICE\ANALOG.OLB, 6.30, 1.30
6,R5,390,SCHEMATIC1/PAGE1,1,C:\CADENCE\CADENCE\CADENCE_SPB_17.2-2016\TOOLS\CAPTURE\LIBRARY\PSPICE\ANALOG.OLB, 6.40, 2.40
7,R6,22K,SCHEMATIC1/PAGE1,1,C:\CADENCE\CADENCE\CADENCE_SPB_17.2-2016\TOOLS\CAPTURE\LIBRARY\PSPICE\ANALOG.OLB, 7.40, 2.30
8,R7,2k,SCHEMATIC1/PAGE1,1,C:\CADENCE\CADENCE\CADENCE_SPB_17.2-2016\TOOLS\CAPTURE\LIBRARY\PSPICE\ANALOG.OLB, 8.40, 1.90
9,R8,33k,SCHEMATIC1/PAGE1,1,C:\CADENCE\CADENCE\CADENCE_SPB_17.2-2016\TOOLS\CAPTURE\LIBRARY\PSPICE\ANALOG.OLB, 8.90, 1.70
10,R12,10k,SCHEMATIC1/PAGE1,1,C:\CADENCE\CADENCE\CADENCE_SPB_17.2-2016\TOOLS\CAPTURE\LIBRARY\PSPICE\ANALOG.OLB, 3.70, 6.10
11,R13,1M,SCHEMATIC1/PAGE1,1,C:\CADENCE\CADENCE\CADENCE_SPB_17.2-2016\TOOLS\CAPTURE\LIBRARY\PSPICE\ANALOG.OLB, 2.10, 2.90
12,R14,1,SCHEMATIC1/PAGE1,1,C:\CADENCE\CADENCE\CADENCE_SPB_17.2-2016\TOOLS\CAPTURE\LIBRARY\PSPICE\ANALOG.OLB, 2.90, 4.00
13,R15,1,SCHEMATIC1/PAGE1,1,C:\CADENCE\CADENCE\CADENCE_SPB_17.2-2016\TOOLS\CAPTURE\LIBRARY\PSPICE\ANALOG.OLB, 2.20, 3.70
14,U6,MCP6V01,SCHEMATIC1/PAGE1,1,C:\CADENCE\CADENCE\CADENCE_SPB_17.2-2016\TOOLS\CAPTURE\LIBRARY\PSPICE\MICROCHIP_OPAMP.OLB, 5.00, 0.70
15,U7,MCP6V01,SCHEMATIC1/PAGE1,1,C:\CADENCE\CADENCE\CADENCE_SPB_17.2-2016\TOOLS\CAPTURE\LIBRARY\PSPICE\MICROCHIP_OPAMP.OLB, 5.00, 2.20
16,U8,MCP6V01,SCHEMATIC1/PAGE1,1,C:\CADENCE\CADENCE\CADENCE_SPB_17.2-2016\TOOLS\CAPTURE\LIBRARY\PSPICE\MICROCHIP_OPAMP.OLB, 7.10, 1.10
17,U9,MCP6V01,SCHEMATIC1/PAGE1,1,C:\CADENCE\CADENCE\CADENCE_SPB_17.2-2016\TOOLS\CAPTURE\LIBRARY\PSPICE\MICROCHIP_OPAMP.OLB, 8.50, 0.70
18,U12,74LS153,SCHEMATIC1/PAGE1,1,C:\CADENCE\CADENCE\CADENCE_SPB_17.2-2016\TOOLS\CAPTURE\LIBRARY\PSPICE\74LS.OLB, 2.60, 5.00
